{"mean_min_pitch_note": 11.231560707092285, "mean_max_pitch_note": 31.924028396606445, "mean_min_pitch_note_hz": 15.64167308807373, "mean_max_pitch_note_hz": 51.68577575683594, "mean_min_power_note": -33.48635482788086, "mean_max_power_note": -20.862680435180664, "version": "3.7.0", "export_time": "2025-03-25T01:52:27.561496", "num_harmonics": 60, "num_noise_amps": 65, "frame_rate": 250, "frame_size": 64000, "sample_rate": 16000}